column,level,collisions_where_it_varies,missing_share
_id,identifier,0,0.0
collision_id,identifier,0,0.0
per_no,identifier,0,0.0
veh_no,identifier,0,0.0241
accdate,collision,0,0.0
acclass,collision,0,0.0
accloc,collision,0,0.2628
aggressive,collision,0,0.0
cyclist,collision,0,0.0
distracted,collision,0,0.0
division,collision,0,0.0032
failtorem,collision,0,0.0
geometry,collision,0,0.0001
heavy_truck,collision,0,0.0
impactype,collision,0,0.0015
latitude,collision,0,0.0001
light,collision,0,0.0026
longitude,collision,0,0.0001
motorcyclist,collision,0,0.0
neighbourhood,collision,0,0.0073
older_adult,collision,0,0.0
other_micromobility,collision,0,0.0
pedestrian,collision,0,0.0
per_inv,collision,0,0.0
rdsfcond,collision,0,0.004
red_light,collision,0,0.0
road_class,collision,0,0.0426
school_child,collision,0,0.0
stname1,collision,0,0.0
stname2,collision,0,0.0854
stname3,collision,0,0.7668
traffictl,collision,0,0.0085
visible,collision,0,0.0035
wardname,collision,0,0.0059
cycact,person,869,0.9568
cyccond,person,865,0.9569
cyclistype,person,864,0.9572
drivact,person,7015,0.4857
drivcond,person,6602,0.4849
fatal_no,person,1002,0.9468
initdir,person,6216,0.2826
injury,person,7086,0.467
invage,person,7054,0.1264
manoeuvre,person,6662,0.4176
pedact,person,3325,0.8259
pedcond,person,3319,0.8263
pedtype,person,3265,0.8289
road_user,person,6610,0.0
safequip,person,4637,0.0702
vehtype,person,6659,0.4255
