neighbourhood,ksi_collisions,fatal_collisions,fatal_share
West Humber-Clairville,236,37,0.1568
South Riverdale,151,14,0.0927
Yonge-Bay Corridor,136,9,0.0662
Wexford/Maryvale,132,29,0.2197
St Lawrence-East Bayfront-The Islands,121,15,0.124
Moss Park,119,14,0.1176
South Parkdale,117,26,0.2222
Kensington-Chinatown,112,14,0.125
Clairlea-Birchmount,106,21,0.1981
Annex,105,9,0.0857
York University Heights,100,16,0.16
Etobicoke City Centre,100,17,0.17
Wellington Place,98,5,0.051
Milliken,97,15,0.1546
Downtown Yonge East,88,7,0.0795
